Month,TotalValue
2023-12,3769.52
2024-01,66376.39
2024-02,51459.270000000004
2024-03,47828.729999999996
2024-04,57519.06
2024-05,64527.74
2024-06,48771.18
2024-07,71366.39
2024-08,63436.74
2024-09,70603.75
2024-10,47063.22
2024-11,38224.37
2024-12,59049.2
